Addressee;Sender;Date;Language;Translated;Possession;Commentary;Duplicate;Country send from;City send from;Current location;Collection ;Letter in collection;Specifics;References;Names;Incipit
Arnoldus, Nicolaus;Beverland, Hadriaan;16790000;Latin;N;Y;Y;N;DR;;UL;ET;Epistolae Tullianae 09;in SM;Theology, DPO, Banishment, Criticism,;;Cum elegantiorum hominum sermones seriptam meum…
Bayle, Pierre;Beverland, Hadriaan;17000000;Latin;N;Y;Y;N;EL;;KB & BOD;EF;Epistolae Familiares 29;XII, Smet 12, after 1700;Humanism, Theology, Sin, Paranoia, Banishment,;Lucretius Epicurus Bordieu Jurieu Creech;Mitto tibi V.C. existimationis mea vindicias, ex quibus…
Bekker, Balthasar;Beverland, Hadriaan;16930000;Latin;N;N;N;N;EL;;BL;Sloane ;3963 10r-v, 19r-v more short work than letter? Seems unsent;after 1690;Theology, Scholarship,;;
Berkel, Abraham;Beverland, Hadriaan;nd;Latin;N;Y;N;N;EL;;KB & BOD;EF;Epistolae Familiares 15;see notes;Humanism, Books others, Scholarship,;Stephanus Eustathius Strabo Blancardus Holstenius Vossius ;Etiamsi improbus iam duduma Te in Stephani fragmenta…
Berkel, Abraham;Beverland, Hadriaan;nd;Latin;N;Y;N;N;EL;;KB & BOD;EF;Epistolae Familiares 16;see notes;Humanism, Scholarship, Books others,;Vossius Stephanus Lusitanus Holstenius Ptolomaeus;Exhibui Vossio illam Stephani tui paginam, qua tu eum…
Beverland, Hadriaan;Arnoldus, Andreas;16830807;French;N;Y;N;N;FR;Paris;UVA;Other;;Send via Isaac Vossius;Secretary, Humanism, Books others,;Menage, Fabri, Thevenot, Huet, Graevius, Octavius Ferra, Hamton, Gray, Vossius, Colomies, Attia ;Je vous suis bien oblige pour votre lettre, remplie de belles choses et tres agreables...
Beverland, Hadriaan;Beaulieu;nd;French;N;N;N;N;EL;;BL;Sloane;3395 3v;after 1690;Secretary, Books others, Finances,;;
Beverland, Hadriaan;Knibbe, David;16790700;Dutch;Y;Y;N;N;DR;;UL;EH;Epistolae ad Heinsium f 6 a 04;Wauters 03, tekst hierna;Theology, Banishment, DPO, Critisim;Bernard Augustine;Op u versoeck laet ick voor mijn particulier u dit categoris…
Beverland, Hadriaan;Vossius, Isaac;16900000;Dutch;NA;Y;N;N;EL;;UVA;EV;Letters and notes to Vossius 127a;before 1690;Secretary, Finances, ;Guijdott Froissard Frits;Ick aen U Edele hooglijck bedankende 't geen was mij te kennen geeft…
Beverland, Hadriaan;Heinsius, Nicolas ;16791012;Latin;N;Y;N;N;DR;Vianen;Royal library Copenhagen;Other;GKS 3416 8;added at end of notes on Pleydoy work;DPO, DSVI, Criticism,;Odijk;Miror equidem, ut qui maxime, Sin,gularem diligentiam tuam…
Beverland, Hadriaan;Lely, P.;nd;French;N;N;N;N;EL;;BL;Sloane ;3395 4r;after 1690;Secretary, Books others, Scholarship,;;
Beverland, Hadriaan;Sloane, H.;17100824;English;NA;Y;N;N;EL;;BL;Sloane;4042 folio 168v;Seems to be written on the back of (part of) a letter of Beverland to Sloane;Secretary, Books others, Finances,;;I have just now received your letter and have Sin,ce…
Beverland, Hadriaan;Sloane, H.;nd;Latin;N;N;N;N;EL;;BL;Sloane;3963 89r;after 1690;Secretary, Books others, Scholarship,;;
Beverland, Hadriaan;Heinsius, Nicolas ;16790912;Latin;Y;Y;Y;N;DR;Vianen;UL;EH;Epistolae ad Heinsium f 6 a 08;Wauters 06, vertaald hierna;Apology, DPV, DPO, Banishment, Criticism, Humanism, Books others,;Graevius Scaliger ;Eram occupatus in perlegendo scripto tuo apologetico…
Beverland, Hadriaan;Irish, John;16930000;;N;Y;N;N;EL;Oxford;ZBM;Other;;See Smet Traces;Banishment, Books own, (Petronius, Otia), Images,;;Littras tuas sexto Feb scriptasnon anti 17en eiusdem accepi, Tabellarioitaque, non…
Beverland, Jan;Beverland, Hadriaan;16791100;Latin;Y;Y;Y;N;DR;Leiden;UL;ET;Epistolae Tullianae 19;in SM & Meijer;Banishment, Criticism, Friends,;;Exsulto quoties tuam manum video mi frater…
Beverland, Jan;Beverland, Hadriaan;16800301;Latin;N;Y;Y;N;DR;;KB & BOD;EF;Epistolae Familiares 02;XII, Smet 01;Banishment, Living, Theology, Humanism, ;Vossius Cocceius Voetius Verpoorten Vanini Cleanthes;Gratulor quod Tribunitiis ventus delatus fuerim…
Beverland, Jan;Beverland, Hadriaan;16800000;Latin;N;Y;Y;N;EL;Windsor;UL;ET;Epistolae Tullianae 40;in SM & Meijer, or januari 1680;Books others, Criticism, Theology, England, Scholarship, Banishment, Secretary,;Vossius ;Avidissime scire desidero, mi frater, qua sicta illa vocis... 
Beverland, Jan;Beverland, Hadriaan;16791100;Latin;Y;Y;Y;N;DR;Leiden;UL;ET;Epistolae Tullianae 20;in SM & Meijer;Sin, Lust, Theology, Humanism, Critcism Banishment,;Plautus  Van der Perre Verpoorten Smitman ;Seribis Dom. Collegas tuos aegerrime ferre quod…
Beverland, Jan;Beverland, Hadriaan;16791210;Latin;N;Y;N;N;DR;;UL;ET;Epistolae Tullianae 32;in SM, between 10-12-79 and 12-01-80;Theology, Banishment, Books own, Criticism, Friends, Bible, ;Mozes;Hacusii cum greek word litis eventu conflictutus tandem…
Blanckaerts, Nicolas;Beverland, Hadriaan;16790707;Latin;N;Y;Y;N;DR;;UL;ET;Epistolae Tullianae 11;in SM;Scholarship, Sin, Theology, Criticism, Banishment,;Cicero Gronovius Graevius Junius Gevartius Vossius More Salmasius Milton ;Cum te iam olim in Graecis meus exstiteris magister offrey…
Boulliau, Ismael;Beverland, Hadriaan;16840100;Latin;N;Y;N;N;EL;London;BNF;Other;BNF Correspondance et papiers politiques et astronomiques d'Ismaël BOULLIAU, MSS 13040;;Books others, Scholarship, Humanism,;;Licet nec facie, nec forsan nomine tibi, vir clarissime, innotui…
Carbery Vaughan, John;Beverland, Hadriaan;nd;Latin;N;N;N;N;EL;;BL;Sloane;1985 42r-v ;after 1690;Secretary, Books others, Finances, Humanism,;;
Charlington;Beverland, Hadriaan;nd;Latin English;N;N;N;N;EL;;BL;Sloane;1985 26r-v with notes;after 1690;Secretary, Finances, Books others, Finances,;;
Coorne, Tobias;Beverland, Hadriaan;16791000;Latin;N;Y;Y;N;DR;;UL;ET;Epistolae Tullianae 13;in SM;DPO, Theology, Criticism, Banishment, Finances, England,;Leydekker Bestia Gallus Voet Vallan Vries Hollebeek Sister Coorne;Peream! Audio Leydeckerum visa quaternione prima…
Coorne, Tobias;Beverland, Hadriaan;16791100;Latin;Y;Y;Y;N;DR;Leiden;UL;ET;Epistolae Tullianae 16;in SM & Meijer;Friends, Criticism, Banishment, ;Vries ;Etsi nunquam dubitabam quin abs te amarer…
Coorne, Tobias;Beverland, Hadriaan;17000624;Dutch;NA;Y;N;N;EL;London;LMU;EG;Epistulae ad J. Gronovium 21 (176r);(/25 augustus);Personal, Finances,;Biskop Jan Beverland Gronovius;Ick laat u weten dat Dom. Biskop predicant vande Duijtsche gemeyte…
Coorne, Tobias;Beverland, Hadriaan;16790000;Latin;N;Y;Y;N;DR;;UL;ET;Epistolae Tullianae 12;in SM;Theology, Sin, Banishment, Criticism, Humanism,;Tertullian Hieronymus Wittius ;Si etiamnum ea tibi sederit opinio, ut inceptam tuum in Theologicis…
Deynse, Bernard van;Beverland, Hadriaan;16791100;Latin;Y;Y;Y;N;DR;Leiden;UL;ET;Epistolae Tullianae 23;in SM & Meijer;Banishment, Criticism, Theology, DPO, Sin, Lust,;;Satis mirari nequeo dilectissime cognate qui tanto agmine… 
Deynse, Bernard van;Beverland, Hadriaan;16791100;Latin;Y;Y;Y;N;DR;Leiden;UL;ET;Epistolae Tullianae 28;in SM & Meijer, or december 1679;Theology, Humanism, Scholarship, Banishment, Criticism,;Scaliger Casaubon Grotius Salmasius Cunaeus Vossius;Scribis synedryvestri antistitesme damnasse...  
Friends,';Beverland, Hadriaan;16841030;Dutch;NA;Y;N;N;EL;London;LMU;EG;Epistulae ad J. Gronovium 02 (143r);;Banishment, Friends, Finances,;None;Mijne heeren ick versoeck dat dit request…
Fritz, Thomas;Beverland, Hadriaan;17000624;Latin;N;Y;Y;N;EL;London;LMU;EG;Epistulae ad J. Gronovium 22 (177r-v);After Wauters 09, letter to publisher;Books own, Scholarship, ;Jan Beverland Gronovius Churchill ;Tradidi Lilleburio epistolam ei epistolium Churchillio ut ad... 
Gelder, Jan de;Beverland, Hadriaan;16800300;Latin;N;Y;Y;N;DR;;UL;ET;Epistolae Tullianae 37;in SM & Meijer;Banishment, Criticism, Boooks other, England, Theology,;Ryssen Goyer ;Accepi omnia illa quae nonnulli intempestivo in meam…
Godin, Johannes;Beverland, Hadriaan;nd;Latin;N;Y;N;N;EL;;KB & BOD;EF;Epistolae Familiares 22;;England, Banishment, ;King james ;Vereor ne forte nostrates culpent arausiorensium principem…
Godin, Johannes;Beverland, Hadriaan;16800300;Latin;N;Y;N;N;DR;Middelburg;UL;ET;Epistolae Tullianae 38;in SM;Theology, Criticism, Books other DPV, England, Banishment,;Ryssen D'Aubert  d'Outreyn Nansius;Mitto in greek word inscripsi illud…
Gomme, Bernard de;Beverland, Hadriaan;16790000;Latin;N;Y;Y;N;DR;;;Other;DPO, 1679 Intro;;Personal, Lust, Living, England,;Gomme, Charles I, Charles II, ;Lust,rum iam est ex quo, Honorande vir, pallentes…
Goyer, Jacob de;Beverland, Hadriaan;16791100;Latin;Y;Y;Y;N;DR;Leiden;UL;ET;Epistolae Tullianae 22;in SM & Meijer;Banishment, Criticism,;Fagel Maas Burgersdijck Rooseboom Van der Marck Ravens De Craanen Van Balen Van der Wayen;So oblivione existimes me distulisse responsum dare...
Goyer, Jacob de;Beverland, Hadriaan;16800327;Latin;N;Y;N;N;DR;;KB & BOD;EF;Epistolae Familiares 03;;Banishment, England, Libertine, Humanism,;Vossius Grotius Wittius Menningius Wolf Rutgersus;Ex eo tempore quo me Londino subduxi inque…
Goyer, Jacob de;Beverland, Hadriaan;16791100;Latin;Y;Y;Y;N;DR;Leiden;UL;ET;Epistolae Tullianae 24;in SM & Meijer;Banishment, Friends, Criticism, Theology,;Grotius ;Tu quidem honestissime dicit salutem in eo consistere…
Goyer, Jacob de;Beverland, Hadriaan;16890400;Latin;N;Y;N;N;EL;;KB & BOD;EF;Epistolae Familiares 20;XII, Smet 07;Banishment, Friends, Personal, Other works (Vox);Christina of Sweden Vossius Junius;Quaestus libitinae uberrimus. Quae anumum subegit…
Goyer, Jacob de;Beverland, Hadriaan;16791210;Latin;N;Y;N;N;DR;Utrecht;UL;ET;Epistolae Tullianae 31;in SM;Banishment, Friends, Theology, Libertine,;;Excessi eunsi erupi Io. Io. Si non salvus... 
Goyer, Jacob de;Beverland, Hadriaan;16791100;Latin;Y;Y;Y;N;DR;Leiden;UL;ET;Epistolae Tullianae 17;in SM & Meijer;Banishment, Humanism, Theology, Sin, Lust, DPO, Books own,;Catullus Heinsius Vossius Gelder Graevius Judas Hesychius Marino Burgersdijck Queen Christina ;Sollicitum te esse seribis de judicii eventu... 
Goyer, Jacob de;Beverland, Hadriaan;16791100;Latin;Y;Y;Y;N;DR;Leiden;UL;ET;Epistolae Tullianae 21;in SM & Meijer;DPO, Criticism, Banishment, Friends, Finances,;Graevius Polydorus Vergilius Menage Dodwell;Implevitne epistola dedicatoria Sin,istram legentis Graevii manum…
Goyer, Jacob de;Beverland, Hadriaan;16800300;Latin;Y;Y;Y;N;DR;Leiden;UL;ET;Epistolae Tullianae 26;in SM & Meijer;DPV, Banishment, Criticism, Scholarship, Friends, ;Munck Felder Vander Poorte;Per te  per superoset conscia numina veri Fer si qua…
Goyer, Jacob de;Beverland, Hadriaan;16800000;Latin;N;Y;N;N;EL;Windsor;KB & BOD;EF;Epistolae Familiares 04;year unsure, written in spring;England, Libertine, Personal, Friends,;Rebecca Mazarin Colomies;Remitte quaerere quid agem. Tu modo studiis curisque…
Goyer, Jacob de;Beverland, Hadriaan;16800300;Latin;N;Y;N;N;DR;;KB & BOD;EF;Epistolae Familiares 01;in March 1680;Friends, Banishment,;;Divulsit equidem dissociale mare corpora nostra, mi Jacobe…
Goyer, Jacob de;Beverland, Hadriaan;16780000;Latin;N;Y;Y;N;DR;;;Other;DPO, 1678 and 1679 Intro;;Friends, Criticism, Lust, Scholarship, Theology, England, ;Goyer, Augustine, Scaliger;Si nosse dignaris quantam perctoris mei portionem…
Goyer, Jacob de;Beverland, Hadriaan;16850216;Latin;N;Y;Y;N;EL;London;KB & BOD;EF;Epistolae Familiares 08;XII, Smet 04;Humanism, Books others, Scholarship, Banishment,;Harduini Plinius Catullus Vossius Charisius Charles II;Obstuqui perculsus, quod scribis me mortuum esse…
Goyer, Jacob de;Beverland, Hadriaan;16800300;Latin;N;Y;N;N;DR;;UL;ET;Epistolae Tullianae 39;in SM, or december 1679;Theology, Criticism, Libertine, Scholarship,;Ryssen Wittius Lantman Leydekker ;Tu qui habet acetum in pectore et in cerebro acumen…
Graevius, J.G. ;Beverland, Hadriaan;16790701;Latin;N;Y;N;N;DR;Leiden;Royal library Copenhagen;Other;Thott 1258 4;;Banishment, Criticism, Books own, DPO, 1;Heinsius, Servaes, Knibbe, Spanheim, Le Moyne, Rycke, ;Me postliminio integrum restitutum cognosces, vir perspicax…
Graevius, J.G. ;Beverland, Hadriaan;16790706;Latin;N;Y;N;N;DR;Leiden;Royal library Copenhagen;Other;Thott 1258 4;;Banishment, Criticism, Theology, Books own, ;Heinsius, Drelincourt, ;Orbis histrioniam agit, Vir erudite, dum tam furibundos committat…
Graevius, J.G. ;Beverland, Hadriaan;16850910;Latin;N;Y;N;N;EL;Windsor;Royal library Copenhagen;Other;Thott 1258 4;;Books others, Scholarship, ;Isaac Vossius, Angelius, Goyer, Scott, Vande Wateren, Lucianus, Gronovius, Berkel, G.J. Vossius, Dacerius, Paulus, Richard Simon, Grandaevus Poebekius, Aristophanes, Ryckius, Gudius, Thevenutus, Vaughan ;Mirabar sane ex literis ad 'ton panu' Vossium missis intelligebam…
Graevius, J.G. ;Beverland, Hadriaan;16851101;Latin;N ;Y;N;N;EL;London;Royal library Copenhagen;Other;Thott 1258 4;;Books others, Scholarship, ;Orcinus, Isaac Vossius, Valesius, Richard Simonus, Sancroft, Pearsonius, Marshamius, Fellius, Thevenotus, Bigotus, Huetius, Ausontius, Mazarin, Colomesius, Gronovius, Scoppius, Leitsotius, Junius, Scaliger, Casaubon, Montacutcus, Daniel Heinsius, G.J. Vossius, Meursius, Scriverius, Salmasius, Dodwell, Plinius, Charisius, Catullus, Duitcus, Grotius, Schokius, Ryckius, Holstenius, ;Postquam ex Orcino thesauro redux ad solita Musarum otia…
Graevius, J.G. ;Beverland, Hadriaan;16890212;Latin;N;Y;N;N;EL;;Royal library Copenhagen;Other;Thott 1258 4;;Books others, Scholarship, England, ;Isaac Vossius, Beuningius, Goyer, Junius, G.J, Vossius, Wittzen, Sulichom;Cum tandem communis noster amicus D. Isaacus Vossius suum ad calites…
Graevius, J.G. ;Beverland, Hadriaan;16841001;Latin;N;Y;N;N;EL;London;Royal library Copenhagen;Other;Thott 1258 4;;Books others, Scholarship, Theology, ;Gronovius, Isaac Vossius, Grotius, Salmasius, Cocceius, Hulsius, Hornius, Simonius, Catullus, Queen Christina, Persius, Vande Wateren, Vanden Engelen, Jan Riches, Celsus, ;Vix dixerim, vir humanissime, quanto mihi fuerit stupori quod ex ultimis tuis…
Graevius, J.G. ;Beverland, Hadriaan;16890901;Latin;N;Y;N;N;EL;London;Royal library Copenhagen;Other;Thott 1258 4;year not certain;Books own, England, Friends, Personal,;De Goyer, Paulus Petavius, Spanheim;Ex quo Jac. Goyerus cujus in complexu libenter extremum vitae..
Graevius, J.G. ;Beverland, Hadriaan;16790000;Latin;Y;Y;Y;N;DR;;UL;ET;Epistolae Tullianae 05;in SM;Friends, DPO, Scholarship, Banishment, Criticism,;Pope Cato Nose;Non bene consuluisti honori meo, mi Graevi, quod…
Graevius, J.G. ;Beverland, Hadriaan;nd;Latin;N;Y;N;N;EL;Windsor;KB & BOD;EF;Epistolae Familiares 11;;Humanism, Books others,;Vossius Richard Simonius Brown Ryckius Holstenius ;Video muscas sacrifanticusesse molefas. Vidor hostiae…
Graevius, J.G. ;Beverland, Hadriaan;16890200;Latin;N;Y;Y;N;EL;;KB & BOD;EF;Epistolae Familiares 21;XII, Smet 05;Humanism, Books others,, Scholarship, Banishment,;Vossius ;Quondam tuus nuperque meus hospes, postquam continuis…
Graevius, J.G. ;Beverland, Hadriaan;nd;Latin;N;Y;N;N;EL;;KB & BOD;EF;Epistolae Familiares 17;;Humanism, Scholarship,;Persius Lavernius Van de Wateren Goyer;Quamvis aulici iam colligant sacrinulas asque ego…
Graevius, J.G. ;Beverland, Hadriaan;16850900;Latin;N;Y;N;N;EL;London;KB & BOD;EF;Epistolae Familiares 07;;Humanism, Scholarship, Criticism, ;Heinsius Vossius Rijcke Goyer Gronovius;Abiite tandem ad atavos fuos greek word Heinsius noster…
Graevius, J.G. ;Beverland, Hadriaan;16850900;Latin;N;Y;N;N;EL;London;KB & BOD;EF;Epistolae Familiares 18;see notes;Humanism, Theology, Scholarship, Friends, Criticism,;Catullus Scherburneus Euvremontius Vossius Valesius Goyer Hobbes;Gratulor quod musagetae nosstro illud greek words…
Graevius, J.G. ;Beverland, Hadriaan;16790000;Latin;Y;Y;Y;N;DR;;UL;ET;Epistolae Tullianae 04;in SM;Scholarship, Theology, Books own, Books other DPO, Apology, DSVI,;Gronovius;Displicuit tibi libelli mei stylus: placuit materia…
Gronovius, Jacobus;Beverland, Hadriaan;16851112;Latin;Y;Y;Y;N;EL;London;LMU;EG;Epistulae ad J. Gronovium 08 (154r-155v);Wauters 05 ;Banishment, Criticism, Friends, Scholarship, Books other;Gomme Vossius Goyer Exiguus;Quamquam non opus est ut tibi memoriam refricem…
Gronovius, Jacobus;Beverland, Hadriaan;16910710;Latin;Y;Y;Y;N;EL;Oxford;LMU;EG;Epistulae ad J. Gronovium 37 (204v-205v);Wauters 23;Banishment, England, Personal, Theology, Sin, Lust, Bible, Scholarship, Books own, Books others, Living, Criticism, Finances,;Eduard Bernard Henry Dodwell Bentley Gilbert Burnett Humphrey Hody Scaliger Grotius G.J. Vossius Stuard John Selden Robert Scott Thomas Brown I. Vossius Reinier Leers Wessel Voetius Paterius van Bazel Homer Voetius;Ratio quame iterum ad scribendum impulet fuit non ut uti ex sequentis…
Gronovius, Jacobus;Beverland, Hadriaan;16851123;Dutch Latin;NA;Y;N;N;EL;London;LMU;EG;Epistulae ad J. Gronovium 09 (156r-v);mix Latin and Dutch;Banishment, Friends, Finances, Books own, Personal,;Goyer Eduard Bernard Spanheim Gerardus De Vries Antonius Oosterom Henry Bull Le Tombe Bonet Fritz van Leipzig Drarius Bentley Witzen William III;Ick heb den uwen ontfangen en ben danckbaer…
Gronovius, Jacobus;Beverland, Hadriaan;16850728;Dutch;NA;Y;N;N;EL;London;LMU;EG;Epistulae ad J. Gronovium 05  (147r-149v);;Banishment, Friends, Humanism, Theology, Criticism, Books others, Friends, Scholarship,  Finances,;De Goyer Jan Hendricksen Johan d'Atrijn Cunaeus Buxhorn de Palma Benjamin Wannemaker Casaubon Grotius Cocceius Valesius Vossius Joseph Wels Frisunius D. Gale Cartesius Salmasius N. Heinsius Colomesius De Volder Craane Graevius Wittius Mela Gaasbeeck Lord Arlington Odijk;Ick heb verstaan uijt d'Heer de Goyer U Edele goede intentie…
Gronovius, Jacobus;Beverland, Hadriaan;16850910;Latin;Y;Y;Y;N;EL;Windsor;LMU;EG;Epistulae ad J. Gronovium 07 (153r-v);Wauters 04;Banishment, Personal, Criticism, Friends, Living, Secretary, ;Vossius Aaf Vossius Graevius Halifax George Savile Clarendon Henry Hyde;Literae tuae, vir clarissime, non mediocri me…
Gronovius, Jacobus;Beverland, Hadriaan;16930000;Latin;Y;Y;Y;N;EL;;LMU;EG;Epistulae ad J. Gronovium 27 (186r-187v);Wauters 15 around 1693;Book own, Personal, Finances, Friends,;Vossius G. Vossius Van Gaasbeeck;Tandem fulgere mihi incipiunt puriores soles. Tu macte ut post…
Gronovius, Jacobus;Beverland, Hadriaan;16850814;Dutch Latin;NA;Y;N;N;EL;London;LMU;EG;Epistulae ad J. Gronovium 06 (150r-152v);order pages strange, switches between Latin and Dutch;Books others, Banishment, Personal, England, Finances, ;Van der Marck Wennemaker Knibbe Ruijsch Colomesius Goyer Bernard Wells Gaasbeeck Vossius Salmasius Thomas Brown Aaf Vossius Rijckius Hulstenius Berkel Stephanus Le Moyne Petronius Grotius Bochart Casaubon Scaliger Hornius;Ick heb uwen aangenaamen wel ontfangen en…
Gronovius, Jacobus;Beverland, Hadriaan;17081003;Latin;Y;Y;Y;N;EL;London;LMU;EG;Epistulae ad J. Gronovium 24 (180r-181v);Wauters 12;Books others, Humanism, Criticism, Scholarship, Books own, (notes Horace), Finances, Paranoia, Personal, England,;Faber Cellarius Heinsius Broekhuizen Scaliger Saumaise Mortier Gaasberg Vander Linden Luchtmans Theophilus Paraphrastes Horace Graevius Bedelli Fritz van Leipzig Toland Bentley;Per XX annos assiduam operam navavi in augendo…
Gronovius, Jacobus;Beverland, Hadriaan;16880000;Dutch;NA;Y;N;N;EL;;LMU;EG;Epistulae ad J. Gronovium 40 (219r-v);year based on fact that Vossius is still alive (at least in first part);Books others, Scholarship, Humanism,  ;Vossius Colomies Goyer Graevius De Gomme Carpentier ;Ich heb door het eerste Rotterd. Schip U Edele toegesonden het appendix…
Gronovius, Jacobus;Beverland, Hadriaan;16880000;Dutch, Latin, Greek;N;Y;N;N;EL;;LMU;EG;Epistulae ad J. Gronovium 41 (220r-222v);year based on fact that Vossius is still alive (at least in first part);Books others, Scholarship, Humanism, Banishment, Finances,  ;Wannemaker Outrijn Broeckhuijsen Jan Harloo Vander Linden Vossius Graevius Colomies Broeckhuijsen Bentley Pearson;Dit geschreven sijnde vertsae uijt Drillinwaerts brief dat de…
Gronovius, Jacobus;Beverland, Hadriaan;16990525;Latin;Y;Y;Y;N;EL;Richmond;LMU;EG;Epistulae ad J. Gronovium 18 (171r-172v);Wauters 08;Books own, (DFC Otia Perin), Scholarship, Friends, Personal, Banishment, Books other, Lust, Paranoia,, Libertine, Criticism,;Vossius Faber Theophilus Martial Juvenal Petronius Graevius;Cum deus optim. Se miro modo mihi manifestaverit mentemq…
Gronovius, Jacobus;Beverland, Hadriaan;16990815;Latin;Y;Y;Y;N;EL;London;LMU;EG;Epistulae ad J. Gronovium 20 (175v);Wauters 10 ;Books own, (Otia Notes MJP Iter), Scholarship, Friends, England, Criticism, Paranoia, Theology, Finances, Humanism,;Mortier Martial Juvenal Petronius G.J. Vossius Porphyrius of Bashan Phalaris Bentley Graevius Spanheim Callimachus Hesychius John Pearson of Chester Thomas Stanley;Trimestre est, ex quo ad te misi Otia mea Oxoniensia…
Gronovius, Jacobus;Beverland, Hadriaan;16930325;Latin;Y;Y;Y;N;EL;Oxford;LMU;EG;Epistulae ad J. Gronovium 16 (168r-v);Wauters 07, dedicatione for Otia Oxoniensia;Books own, (Otia), Scholarship, Criticism, Friends, Scholarship,;Theophilus Antecessor J.F. Gronovius;Mitto tibi, vir eruditissime, Otia mea Oxoniensia, ut ex…
Gronovius, Jacobus;Beverland, Hadriaan;16860302;Dutch;NA;Y;N;N;EL;;LMU;EG;Epistulae ad J. Gronovium 11 (159r-160v);;Books own, Finances, Banishment, Criticism, Personal, Scholarship, Humanism,;Berkel Broun Madame Arlington Madame Beverweert Odijk Vossius Scott Aaf Vossius Graevius Goyer Westeijn Nela G. Vossius Bernard Colomies Patin Pearson Mela Stephanus FroSin,ius N. Heinsius Salmasius;Op betere hoop mij door U edele mitsgaders d'H. Berkel…
Gronovius, Jacobus;Beverland, Hadriaan;16860318;Dutch;NA;Y;N;N;EL;London;LMU;EG;Epistulae ad J. Gronovium 10 (157r-158v);;Books own, Finances, Banishment, Scholarship,;Berkel Broun;Ick heb U edelen toegesonden 2 andere bladeren…
Gronovius, Jacobus;Beverland, Hadriaan;16850000;Latin;Y;Y;Y;N;EL;London;LMU;EG;Epistulae ad J. Gronovium 34 (200r-v);Wauters 21 aproximate date, add to this letter was a Plea to the University of Leiden ;Books own, Scholarship, Banishment, England, Personal, Living, Books others, Finances,;L.T. Gronovius Christoffel Beverland Catherina Beverland Hadriaan Molenaar John Vaughan Celsus ;Clausa litera intellexi fratrem tuum Daventrice habitare, quare eum ille…
Gronovius, Jacobus;Beverland, Hadriaan;17020000;Dutch;NA;Y;N;N;EL;;LMU;EG;Epistulae ad J. Gronovium 38 (206r-v);1702-1703 year based on stay Rivers and Marlborough in the Netherlandsadded are pages of notes in Latin (207r-v), list of (his own and other) works in Latin (Otia Batavus in Britannia Hierocles Notes MJP 208r-210v), notes on the Perin del Vago letters in English and Dutch (211r-214v) Notes on Finances, 212r;Books own, Scholarship, Friends, Living, Books others, Finances, ;Doctor Chatwell John Churchill Lord Marlborough Richard Savage Lord Rivers Montenack Delmar Westeijn Vander Linden Mersennus Gruchius Schockius G. Vossius Vossius Schefferus Pagnin Sloane Westrene;Ick versoecke dat U Edele mijne schriften belieft te geven aen Doctor Schatwell…
Gronovius, Jacobus;Beverland, Hadriaan;16990525;Latin;Y;Y;Y;N;EL;;LMU;EG;Epistulae ad J. Gronovium 19 (173r-175r);Wauters 09 ;Friends, Books own, (Otia Facetiae Notes MJP Iter Defensio), Books others, Scholarship, Lust, Libertine, Personal, Theology, Paranoia, Philosophy, Criticism, Banishment, Library, Humanism,;Vossius J.F. Gronovius L.T. Gronovius Valois De Vries Vander Mark Martial Juvenal Petronius Mortier Tollius Ausonius Graevius Ryve Spencer Tenison Holste Fritz Clarendon Vander Hulst Celsus Scaliger Dalone Hesiodes Ferrara Nicaise Menningen Occo;Nescio causam pertinacis silentii. Nisi forsan intellexeris…
Gronovius, Jacobus;Beverland, Hadriaan;17020910;Latin;Y;Y;Y;N;EL;Ealing/London;LMU;EG;Epistulae ad J. Gronovium 23 (179r-v);Wauters 11;Friends, Books own, Scholarship, Living, Personal, Criticism, Paranoia, England,;Vossius Richard Savage Lord Rivers Anna Beverland Thomas Brown Weststeyn Witsen Charles I Edmund Ludlow Thomas Armstrong Charles II Johan Van Banckem Koenraad Van Beuningen Martial;Sin,cerum affectum tuum in juventute mea expertus iterum…
Gronovius, Jacobus;Beverland, Hadriaan;16800300;Latin;N;Y;N;N;DR;;UL;ET;Epistolae Tullianae 36;in SM;Friends, Criticism, Theology, Libertine, Scholarship, Banishment, England,;De Mey Graevius Menninck Wittius Kuffeler Overcamp Astarte;Difficile est exprimere verbis quantem perceperim…
Gronovius, Jacobus;Beverland, Hadriaan;nd;Latin;N;Y;Y;N;EL;;KB & BOD;EF;Epistolae Familiares 25;XII, Smet 09, after 1691;Friends, Humanism, Criticism,;;Etsi constitueram nunquam ad te scribere, nisi ultimio…
Gronovius, Jacobus;Beverland, Hadriaan;16870419;Dutch;NA;Y;N;N;EL;London;LMU;EG;Epistulae ad J. Gronovium 13 (163r-164v);;Friends, Images, Personal, Banishment, Books own, Books others, Scholarship, Finances,;Jan Beverland Lucas van Leijden Vossius Petavius Graevius Khunius Colomesius Goltz;Ben danqbaer voor d'eer en vrintschap aen mijn broeder…
Gronovius, Jacobus;Beverland, Hadriaan;16940829;Latin;Y;Y;Y;N;EL;Brentford;LMU;EG;Epistulae ad J. Gronovium 33 (199r-v);Wauters 20 1694 as pardon was given out in 1693 and the Presbyterian Church was taken into use 1694;Friends, Personal, Paranoia, Banishment, England, Books own, (Otia) Scholarship, Sin, Theology, Images, Sin, Finances, Criticism, Bible, Humanism,;Eduard Bernard Le Fon Henry Bull Jean Le Clerc Bentley Henry Hammond Charles Boyle Pharalis Bonnet Bashan Graevius Mortier Raphaello Titus Oates William III;Literas tuas conseraptas xxiix Augusti S.V. accepi xxv die S.V. vetusdem mensis…
Gronovius, Jacobus;Beverland, Hadriaan;16840130;Latin;Y;Y;Y;N;EL;London;LMU;EG;Epistulae ad J. Gronovium 14 (165r-v);Wauters 06 can also be 1689;Friends, Scholarship, Books own, Books other Banishment, Secretary,;Fabretti Vossius Petronius Vaughan Mela Richard Simon;Gratulor mihi, viriucunde et luce magis exoptate…
Gronovius, Jacobus;Beverland, Hadriaan;17060000;Latin;N;Y;N;N;EL;;KB & BOD;EF;Epistolae Familiares 14;see notes;Humanism, Bible, Books others, Scholarship, Friends,;Cicero Mattheus Zygabenus Eutymius Henninius Cicero Saldenus Antiochenus Bentley Cunaeus Hesychius Petavius Vossius Goyer Graevius Varro Columellas Persius;Obtulit se mihi D. Stuward Scotus, qui nihil simile…
Gronovius, Jacobus;Beverland, Hadriaan;16841101;Latin;Y;Y;Y;N;EL;London;LMU;EG;Epistulae ad J. Gronovium 03 (144r-v);Wauters 02;Humanism, Books others, Libertine, Scholarship, Friends, Criticism, Banishment,;Blankaerts Arrianus Valois Epictetus L. Gronovius;Quando tandem Indica, Bithynica et Tactica Arriani…
Gronovius, Jacobus;Beverland, Hadriaan;16850000;Latin;Y;Y;Y;N;EL;Windsor;LMU;EG;Epistulae ad J. Gronovium 30 (193r-194v);Wauters 17 1685-1689;Humanism, Paranoia, Theology, Personal, Criticism, England, Scholarship, Libertine,;Vossius Herodes of Alexandria Homer Dionysius Thrax Apollonius Dyscolus Alexander Orus Astyages Phrigines, Agapetus Philoponus Sergiuss Apollonius Joannes Charax Auxonius Herodianus Georgius Choeroboscus Philo Henry Valois Stephanus Azoutius Pierre Seguier Pomponius Mela Livius Cesare Corporali Ottavio Ferrari Marcus Meibom Tzetzes Andreas van Berlicom Euthumius Petrus Vicentius Herodotus Appianus Alexander Severus Claudius Hadrianus Cyrillus van Utrecht Martial;Fateor me, clarissime Gronovi, pecasse graviter quod cum Cinna litaverim…
Gronovius, Jacobus;Beverland, Hadriaan;nd;Latin;N;Y;N;N;EL;;KB & BOD;EF;Epistolae Familiares 12;;Humanism, Scholarship,; Westenius Gaasbeek;Heri non multo postquam a nobis discesserat Westenius…
Gronovius, Jacobus;Beverland, Hadriaan;nd;Latin;N;Y;N;N;EL;;KB & BOD;EF;Epistolae Familiares 09;;Humanism, Scholarship, Books others,;Euthymius Alexandrinus Claudius Dionysius Thrax Aristophanes Aristarchus Erastofthenes Apollonius Origen Agapetus Philoponus Sergius Auxonius Ammonius Plotinus Malchus Jamblichus Theones ;Perstringit aures stridore rumor, te in arenam velle…
Gronovius, Jacobus;Beverland, Hadriaan;16990815;Latin;N;Y;N;N;EL;;LMU;EG;Epistulae ad J. Gronovium 28 (188r-v);dedication Otia Oxoniensia, added are notes 189r-v and a message to the publisher (190r-v) in Latin and Dutch;Humanism, Scholarship, Books others, Friends, Books own, (Otia);Gronovius Theophilus Antecessor;Otia hoc Oxoniensia ad te, vir eruditissime, mitto ut digneris ea publicis…
Gronovius, Jacobus;Beverland, Hadriaan;17020000;Latin;Y;Y;Y;N;EL;;LMU;EG;Epistulae ad J. Gronovium 26 (184r-185v);Wauters 14 between 1702 and 1711;Humanism, Scholarship, Books own, (Notes Horace Otia Iter) Theology, Paranoia, Personal, England, Criticism,;Bentley Horace Flaccus Martial Petronius John Sheffield Duke of Buckingham Vander Linden Rebecca Patin;Ex quo Bentlaeus caepit polire Horatium aulici praeter Venusium legunt…
Gronovius, Jacobus;Beverland, Hadriaan;16910000;Latin;N;Y;Y;N;EL;;KB & BOD;EF;Epistolae Familiares 26; XII, Smet 08, after 1691;Humanism, Scholarship, Other works (Otia, comments M, J, P);Theophilius Martial Juvenal Petronius;Mitto tibi, vir eruditissime, quae ab urbe Londino remotus…
Gronovius, Jacobus;Beverland, Hadriaan;nd;Latin;N;Y;N;N;EL;;KB & BOD;EF;Epistolae Familiares 28;;Humanism, Scholarship, Sin, Lust,;Van der Hulst Martial Bernard Dodwell Cyprianus Casaubon meer namen? Bentley Euripides Creech Lucretius ;Misi tibi per D. Van der Hulst Martialem cum MSS Matum…
Gronovius, Jacobus;Beverland, Hadriaan;16861116;Dutch;NA;Y;N;N;EL;;LMU;EG;Epistulae ad J. Gronovium 12 (161r-162v);;Images, Books own, Personal, Scholarship, Personal,;Westeijn Mevrouw Vredenburgh Jan Beverland Gaasbeeck Vander Linden Vossius Petavius Graevius Queen Christina Fulvius OrSin,i Haring Lucianus Berkel Colomies Aaf Vossius Valesius Vossius Graevius Henry Dodwell Paulus Rupellen;Ick vertrouw dat Westein U edele eijndelinq toegesonden…
Gronovius, Jacobus;Beverland, Hadriaan;17000000;Latin;Y;Y;Y;N;EL;Brentford;LMU;EG;Epistulae ad J. Gronovium 31 (195r-v);Wauters 18 after 1700;Paranoia, DPV, DPO, Banishment, Books own, (Vox notes MIP Iter) DPO, Scholarship, England, Sin, Lust, Theology, Personal, Criticism, Scholarship, Images, Finances, Living,;Goyer Eduard Bernard Spanheim Gerardus De Vries Antonius Oosterom Henry Bull Le Tombe Bonet Fritz van Leipzig Drarius Bentley Witzen William III Martial;Cum tu sit solis et unicus, in quem, post obitum Goyeri, et Sr. Bernard…
Gronovius, Jacobus;Beverland, Hadriaan;16940000;Latin;Y;Y;Y;N;EL;;LMU;EG;Epistulae ad J. Gronovium 35 (201r-202v);Wauters 22 year based on marriages dodwell and bernard and addition of pardon;Paranoia, Friends, England, Banishment, Books own, (notes M) Books others, Scholarship, Personal, Libertine, Humanism, Theology, England, Finances,;Martial Eduard Bernard Josephus Henry Dodwell Casaubon Phillippe-Jacques Maussac David Blondel Johannes van Meurs Marcus Zuerius Boxhorn James Ussher Henry de Valois Thascius Caecilius Cyprianus William III Cato Petronius Bentley Saumaise Philostratus Pearson Hesychius Jean Gaspard Gevaert Manulius Joshua Barnes Euripides Thomas Creech Theophilus Antecessor ;Multum vereor ne me malae sida debitorem existimes quod tam…
Gronovius, Jacobus;Beverland, Hadriaan;17081210;Latin;Y;Y;Y;N;EL;;LMU;EG;Epistulae ad J. Gronovium 25 (182r183v);Wauters 13 (/20 december) ;Paranoia, Libertine, Living, Books own, (Defensio notes Horace) England, Personal, Finances,;Le Tombe Muller Hobbes Biskop Anthony Wood Mortier Luchtmans Creech Theophilus Faber Fritz van Leipzig Horace Patrus Naevius Vander Linden Rebecca Baxter Bentley ;Don. Le Tombe, qui bellius navibus subministrat perium nauticum…
Gronovius, Jacobus;Beverland, Hadriaan;17060000;Latin;Y;Y;Y;N;EL;;LMU;EG;Epistulae ad J. Gronovium 32 (196r-198v);Wauters 19 Long, possibly consisting of 1-3 different letters (send in one go?) written between 1706 and 1707 probably;Personal, Sin, Lust, Friends, Paranoia, England, Scholarship, Libertine, Books own, (Otia Iter) Books others, Criticism, Theology, England,;Antonius Oosterom Henry Dodwell Henry Bull Nicolaas Witsen Gijsbert Voetius Jacobus Perizonius Bashan Bentley William Baxter Thomas Creech Horace Suetonius Graevius Juvenal H.C. Henninius Laevinius Torrentius Daniel Heinsius Johannes Rutgersius Theodoor Marsilius Denis Lambin Pierre Gaultier Chabot Andre Dacier Plinius Ezechiel Spanheim Thomas Herbert Lord Pembroke John Talman Pieter-Paul Rubens Raphaello Mortier Queen Anne Charles Spencer Lord Sunderland John Chrurchill Lord Marlborough Dr Schatwell Martial;Noli importunam pertinaciam indignatione retaliare. Maeror et angor me…
Gronovius, Jacobus;Beverland, Hadriaan;17090000;Dutch;NA;Y;Y;N;EL;;ZBM;Other;;after 1709, see Smet Traces;Scholarship, Books others, Erotica, Libertine, England, Banishment,;;Ick scryve U Edele in myn moeders tale, ten eynde ghy…
Gronovius, Jacobus;Beverland, Hadriaan;16790601;Latin;Y;Y;Y;N;DR;;UL;ET;Epistolae Tullianae 03;in SM;Scholarship, Books own, DPO, Friends,;Graevius Cicero;Ex quo parentistui monitis phrases et rariora verba...
Gronovius, Jacobus;Beverland, Hadriaan;16980000;Latin;Y;Y;Y;N;EL;;LMU;EG;Epistulae ad J. Gronovium 29 (191r-192v);Wauters 16 after 1698;Scholarship, Humanism, Criticism, Books own, DPV, Books others, Images, Paranoia, England, Personal, Theology, Libertine, Finances,;Giovanni Pietro Bellori Alexander Petau Vossius De Goyer Graevius Palmer Thomas Brown Johannes van Meurs Jean-Jacques Boissard Jacques Spon Joachim Perion Michael Neumann Jacob Herrenschmidt Perier Marco Antonio Raimondi Michel Liberius Fulvio OrSin,i Pedro Chacon Giovanni Mercurialis Alphonso Chacon Cresellius Leone Allacci Joannes Tzetses Nunez Ludoovicus Nonnius Hubrecht Goltz Jean-Foi Vailliant Lilio-Gregorio Gyraldi Spanheim William Winde Bellori Raffaello Sanzio Jan Goeree Agostino Veneziano Sylvius Revenna Olaus Rudbeck John Pearson Bishop of Chester Robert Scott Lord Charles Spencer Thomas Ryve Ezechiel Spanheim L.T Gronovius Hackens Saumaise Petit Balthassare Bonifacio Marquard Freher ;Patere ut te parut admonea ne resp. literaria deim mentum paliatus…
Gronovius, Jacobus;Beverland, Hadriaan;16761212;Latin;Y;Y;Y;N;DR;The Hague;LMU;EG;Epistulae ad J. Gronovium 01 (141r-142r);Wauters 01 (20 nov);Scholarship, Humanism, Lust, Books own, DPV, Friends,;L.F. Gronovius Sophocles Casaubon Philaenis Elephantis Tertullian Florus Cuyper Terentius L.T. Gronovius Martial;Hoc temporis articulo, dulce meum praesidium…
Gronovius, Jacobus;Beverland, Hadriaan;16900018;Dutch;NA;Y;N;N;EL;London;LMU;EG;Epistulae ad J. Gronovium 15 (166r-167v);notes in Wauters na 23;Secretary, Friends, Books others, ;Vossius Colomesius Berkel Montenaq Tome La Risse;De bibliotheek van onsen Vossius sult ghij eijndelinq…
Gronovius, Jacobus;Beverland, Hadriaan;nd;Latin;N;Y;N;N;EL;Windsor;KB & BOD;EF;Epistolae Familiares 06;see notes;Theology, Bible, Scholarship,;Vossius Origen Homer Alexandrinus? Musaeus Ptolomaeus Westenius Corn. Hornerius Gargilius Kuhnius Herbarius Scaliger Casaubonis Junius Salmasius Gruterus Berketius Colomesius;Ex quo Lyceum Lugdunense reliqui, haesi vindesoriae... 
Gronovius, Laurentius;Beverland, Hadriaan;nd;Latin;N;Y;N;N;EL;;KB & BOD;EF;Epistolae Familiares 10;;Humanism, Scholarship, Books others,;Augustinus;Gratulor quod tandem ad patrios reversus fis…
Harley, Robert;Beverland, Hadriaan;nd;Latin;N;Y;N;N;EL;;BL;Other;BL Add ms 4253 folio 27r-29v;;Theology, Scholarship,;;cum audiveram te Bonorum Patron…
Heinsius, Nicolas;Beverland, Hadriaan;16791007;Latin;Y;Y;Y;N;DR;Leiden;UL;EH;Epistolae ad Heinsium f 6 a 09;Wauters 07, 15 sept according to Wauters;Banishment, Criticism, Lust, Sin, Apology, DPO, Theology, Scholarship,;Graevius Odijk Vollenhoven Voet Mattheus;Per fidem! Gratulor summopere me unicum inter…
Heinsius, Nicolas;Beverland, Hadriaan;16791120;Latin;Y;Y;Y;N;DR;Leiden;UL;EH;Epistolae ad Heinsium f 6 a 11;Wauters 09;Banishment, Theology, Scholarship, Criticism, Friends, Scholarship, ;Augustus Ovid Tacitus Cato Drelincourt Laurentius Van Baelen Wittichius Velleius Vesanevelt Nose Burgersdijck;Mortalium nulli dirum ingeniosissimi poetae, qui divi…
Heinsius, Nicolas;Beverland, Hadriaan;16790805;Latin;Y;Y;Y;N;DR;Leiden;UL;EH;Epistolae ad Heinsium f 6 a 06;Wauters 05 date stated 5/15 aug, 18 juli according to Wauters;DPO, Books own, Banishment, Apology, Friends, Theology, Scholarship, Criticism, Books others,;Apuleius;Multifario negotiorum Euripo cumulatus, tandem... 
Heinsius, Nicolas;Beverland, Hadriaan;16781015;Latin;Y;Y;Y;N;DR;Utrecht;UL;EH;Epistolae ad Heinsium f 6 a 02;Wauters 02;DPV, Books own, Theology, Images, Living, Books own, (Della Casa), Scholarship, Libertine,;Pluymer Meurs Boissard Liceti Chifflet Goltz Della Casa;Olim quidem tibi scribere, clarissi vir, concupiscebam…
Heinsius, Nicolas;Beverland, Hadriaan;16790708;Latin;Y;Y;Y;N;DR;Leiden;UL;EH;Epistolae ad Heinsium f 6 a 03;Wauters 03;DPV, DPO, Theology, Criticism, Banishment, Scholarship, Books own, Friends, Living,;Knibbe Le Moyne Spanheim Goes Martial;Iratro sistro hucusque lumina mea feriit Clerus.
Heinsius, Nicolas;Beverland, Hadriaan;16810629;Latin;Y;Y;Y;N;EL;;UL;EH;Epistolae ad Heinsium f 6 a 15;Wauters 13;England, Scholarship, Friends, Libertine, Lust, Theology, Humanism, Books other Criticism, Banishment, Theology,;Vossius Ovid Apuleius Prudentius Gronovius Cicero Graevius Petronius Vergil Gude Goyer Liesfelt ;Quamvis effluxerint menses, vir nobilissime, quod praesentem... 
Heinsius, Nicolas;Beverland, Hadriaan;16790900;Latin;Y;Y;Y;N;DR;;UL;EH;Epistolae ad Heinsium f 6 a 05;Wauters 04;Friends, Criticism, Books own, DPO, Apology,;Van Gaasbeeck Van Gelder Graevius Gronovius;Scitalam hanc Laconicam separatim solemus…
Heinsius, Nicolas;Beverland, Hadriaan;16780211;Latin;Y;Y;Y;N;DR;Utrecht;UL ;EH;Epistolae ad Heinsium f 6 a 01;Wauters 01;Friends, Scholarship, DPV, Lust, Libertine, Living, Images, Personal,;Patin Gronovius Liesfeldt Vermeerten;Vix Viennae Appustus fama, Clarissime Heinsi, pervenerat ad aure
Heinsius, Nicolas;Beverland, Hadriaan;16790000;Latin;N;Y;Y;N;DR;;UL;ET;Epistolae Tullianae 10;in SM;Friends, Theology, Criticism, DPO, Scholarship,;;Quamquam laudari me abs te non exspectaram…
Heinsius, Nicolas;Beverland, Hadriaan;16810802;Latin;N;Y;Y;N;EL;Windsor;KB & BOD;EF;Epistolae Familiares 05;XII, Smet 02;Humanism, Books others,, Scholarship, DPV,;Prudentius Vossius Graevius Horatius De Goyer Lallemand (Alemannus);Quamvis multi effluxerint menses, quod praesentem te colere... 
Heinsius, Nicolas;Beverland, Hadriaan;16800807;Latin;Y;Y;Y;N;DR;Utrecht;UL;EH;Epistolae ad Heinsium f 6 a 14;Wauters 12;Living, England, Images, Friends, Criticism, Scholarship,;Vossius;Nondum Brittannorum littus accessimus, Herus ilLust,rissime…
Heinsius, Nicolas;Beverland, Hadriaan;16800700;Latin ;Y;Y;Y;N;DR;Utrecht;UL;EH;Epistolae ad Heinsium f 6 a 13;Wauters 11;Scholarship, Banishment, Living, Engeland Friends, Humanism,;Vossius Ovid Vander Mile;Vides hic ex Aglia in Ultrajectinam provinciam reducis…
Heinsius, Nicolas;Beverland, Hadriaan;16791008;Latin;Y;Y;Y;N;DR;Leiden;UL;EH;Epistolae ad Heinsium f 6 a 10;Wauters 08;Scholarship, DSVI, Friends, Scholarship, Finances, Criticism,;Odijk;Te in propinguo loco, celebriori fama et pari otio…
Heinsius, Nicolas;Beverland, Hadriaan;16790000;Latin;N;Y;Y;N;DR;;UL;ET;Epistolae Tullianae 06;in SM;Scholarship, Friends,;;Ex quo facilitatem tuam in feribendo me cum ipso…
Heinsius, Nicolas;Beverland, Hadriaan;16790000;Latin;N;Y;Y;N;DR;Leiden;UL;ET;Epistolae Tullianae 07;in SM;Scholarship, Friends,;Cicero Gronovius Graevius Junius Gevartius Vossius More Salmasius Milton ;Ex quo Ciceronis perspicuitas meum pertientavit animum…
Heinsius, Nicolas;Beverland, Hadriaan;16790910;Latin;Y;Y;Y;N;DR;;UL;EH;Epistolae ad Heinsium f 6 a 07;Wauters 06;Scholarship, Friends, Humanism, DPV, Apology, DPO, Banishment, Criticism, Books others,;Le Moyne Scaliger Valois Blankaerts Rijcke ;Tantam animi voluptatem, honorande Maecenas, crearunt…
Heinsius, Nicolas;Beverland, Hadriaan;16800211;Latin;Y;Y;Y;N;DR;Utrecht;UL;EH;Epistolae ad Heinsium f 6 a 12;Wauters 10;Theology, Banishment, DPO, Other works Scholarship, Humanism, Criticism, Friends,;Molenaar Vesanevelt Brummer Godefroy Fabrot Gunther Connan Corruasius Magius Tadeus Piso Menage Alteserra Rijcke Baudouin Cleantes Odijk Gronovius Van Gelder Van der Linden;Etsi quid scriberem, non habebam tamen Molenario…
Heinsius, Nicolas;Beverland, Hadriaan;16791102;Latin;Y;Y;Y;N;DR;Leiden;UL;ET;Epistolae Tullianae 15;in SM & Meijer;Theology, Criticism, Banishment,;Voetius Cocceius Huygens Burgersdijck Goes Philoxenos Eupolis Harpocrates Fagel ;Ne me serius ad literat tuas respondisse mireris…
Heinsius, Nicolas;Beverland, Hadriaan;16790000;Latin;N;Y;Y;N;DR;Den Haag;UL;ET;Epistolae Tullianae 14;in SM;Theology, Criticism, Banishment, DPO, Sin, Lust, Humanism,;Erasmus Vaninus Sirmond Vergil ;Ex quo meo nomina ad invidiam usi fuere…
Henninius, H.;Beverland, Hadriaan;16850000;Latin;N;Y;N;N;EL;;KB & BOD;EF;Epistolae Familiares 13;year unsure;Humanism, Scholarship, Theology,;Goyer Casaubonus Martial Salmasius Knippingius Graevius;Quid, suavissime amice, ineptias meas quotidiano…
Hold, John;Beverland, Hadriaan;nd;Latin;N;N;N;N;EL;;BL;Sloane;1985 35r-v;after 1690;Personal, Finances, Books own, Books others, Personal,;;
Huberus, Ulricus;Beverland, Hadriaan;16790421;Latin;Y;Y;Y;N;DR;Leiden;UL;ET;Epistolae Tullianae 01;in SM, contains small note from 1684;DPO, Sin, Scholarship, Theology, Personal,;Democritus ;Quo tempore prima mihi lanugo vestiebat…
Huberus, Ulricus;Beverland, Hadriaan;16790000;Latin;Y;Y;N;N;DR;;;Other;DSVI, Intro;;Friends, DSVI, Books own, Criticism, Humanism, Lust, Personal, Living,;Ulric Huber;Sic fuit in fatis, vir ilLust,ris, ut ad maiora ilLust,rium…
Huberus, Ulricus;Beverland, Hadriaan;16950216;Latin;N;Y;Y;N;EL;;KB & BOD;EF;Epistolae Familiares 24;XII, Smet 11;Humanism, Theology, Banishment,;Theophilius Queen Mary William III Blancardus;Quoties mellimelam tuam eloquentiam atque in iuris…
Hudson, J.;Beverland, Hadriaan;17010000;Latin;N;Y;N;N;EL;;BL ;Other;BL Add 4459 folio 60r-v ;not sure about date - more a short work than letter, on natural religion, see British Library documents;Theology, Books own, Scholarship,;;Religio naturalis {2 greek words) cu;tus pius Cicer. 1…
Le Fer, Jan;Beverland, Hadriaan;16791106;Latin;Y;Y;Y;N;DR;Leiden;UL;ET;Epistolae Tullianae 25;in SM & Meijer;Banishment, Criticism, Friends, Theology,;Van Aalst Gools Van Gaveren Le Maire Versluys Cunaeus Boxhorn;Ex quo incubis barbam volsello evulsi me indignis…
Le Fer, Jan;Beverland, Hadriaan;16791204;Latin;Y;Y;Y;N;DR;;UL;ET;Epistolae Tullianae 30 ;in SM & Meijer, More than one date at end letter.;Banishment, Finances, DPV, Friends, Criticism, ;;Tandem sententiam pronuciarunt Scabiosi jusserunt…
Lister, Martin;Beverland, Hadriaan;nd;Latin;N;Y;N;N;EL;Windsor ;BOD;Other;BOD MS Lister 2, folio 24-25;Or letter to curators university of Leiden?;Scholarship, Books others, Humanism, Friends,;;Cum vir ilLust,ris D. Isaacus Vossius Celsum de Re Medica ab incomparabila... 
Matthaeus, D.;Beverland, Hadriaan;16800301;Latin;N;Y;Y;N;DR;Utrecht;UL;ET;Epistolae Tullianae 35;in SM & Meijer;Scholarship, Libertine, Criticism, Banishment, Theology, England,;;Ex quo trajectum perveni putabam me sub aegide…
Molenaer, Hadrianus;Beverland, Hadriaan;16790428;Latin;Y;Y;Y;N;DR;;UL;ET;Epistolae Tullianae 02;in SM;Scholarship, DPO, Friends, ;Priscianus Girl;Quamquam infinitis prope modum orbuar curis…
Munck, Alexander de;Beverland, Hadriaan;16791100;Latin;Y;Y;Y;N;DR;Leiden;UL;ET;Epistolae Tullianae 18;in SM & Meijer;Theology, Banishment, Friends, Criticism, DPO,  Scholarship,;Cocceius Voetius Van der Wayen Papinianus Thilenus Hubert Le Sage Fer Rechtstood Goeree Timon Labeo ;Iacturam gravissimam promotionis me fecisse…
N.N.;Beverland, Hadriaan;nd;Dutch;NA;Y;N;N;EL;;BL;Sloane;1985 53r-v;after 1690;Secretary, Books others, Finances, Friends,;;
Oosterom, D.;Beverland, Hadriaan;17000000;Dutch;NA;Y;N;N;EL;;LMU;EG;Epistulae ad J. Gronovium 39 (215r-218v);year based on mention reception DFC almost a perin del vago letter: Paranoia, and enemies as subject, added are notes in style of perin del vago;Friends, Criticism, Paranoia, Personal, England, Libertine, Finances, Theology,;Lloyd De Wilde Ter Hunter Boilhen Frans Winde Lilleberry Lely Bishop of London Bull Lambeth Eduard Bernard Riches Tiburn Grome Van Galen;Ghijben de eerste oorsake can mijn vervullinge. Ghij heb tot Oxford lasteringen…
Overagainst, Beaulieu;Beverland, Hadriaan;nd;French;N;N;N;N;EL;;BL;Sloane ;1985 112r-113v;after 1690, mentions HB;Secretary, Books others, Friends, Scholarship,;;
Perizonius, Jacobus;Beverland, Hadriaan;17020925;Latin;N;Y;N;N;EL;;KB & BOD;EF;Epistolae Familiares 30;;Humanism, Books own, (Otia, Iter), Scholarship, Erotica, Sin, Lust, Images, Paranoia, Theology,;Gronovius Markius Guilielmus Vossius Strabo Martial Petronius Juvenal Graevius Hesiod Cicero Lucianus Euripides Spanheim Horatius Bentley? Bull of Bashan Westerius Willius Voetius Blancardus;Mitto tibi haec Epistolia, ne pereant. Ne ea exhibeas Gronovio…
Rechstood, Dionysius;Beverland, Hadriaan;16791210;Latin;N;Y;N;N;DR;;UL;ET;Epistolae Tullianae 33;in SM, between 10-12-79 and 12-01-80;Banishment, DPV, DPO, Friends, Criticism,;Gomarus Schuyl ;Cum non semel expetivisse scire ex me quem... 
RM en rechters Uni. Leiden';Beverland, Hadriaan;16850605;Latin;Y;Y;Y;N;EL;London;LMU;EG;Epistulae ad J. Gronovium 04 (145r-146v);Wauters 03;Banishment, England, Libertine, Theology, Personal,;None;Dum alterna nonnumquam meditatione refigo…
Sloane, H.;Beverland, Hadriaan;nd;Latin;N;N;N;N;EL;;BL;Sloane;1985 13r-v;after 1690;Paranoia, Secretary, Books others, Paranoia,;Bateman;
Sloane, H.;Beverland, Hadriaan;nd;Latin;N;N;N;N;EL;Fulham;BL;Sloane ;1985 9r-v;after 1690;Secretary, Books others,;;
Sloane, H.;Beverland, Hadriaan;nd;Latin;N;N;N;N;EL;;BL;Sloane;3963 80r-v;after 1690;Secretary, Books others,;;
Sloane, H.;Beverland, Hadriaan;17020620;Latin;N;N;N;N;EL;Ealing;BL;Sloane;1985 8r-v;;Secretary, Books others, ;;
Sloane, H.;Beverland, Hadriaan;nd;Latin;N;N;N;N;EL;;BL;Sloane;3963 114r;after 1690;Secretary, Books others, ;;
Sloane, H.;Beverland, Hadriaan;nd;Latin;N;N;N;N;EL;;BL;Sloane ;3395 2r-v;after 1690;Secretary, Books others, Financces,;;
Sloane, H.;Beverland, Hadriaan;nd;Latin;N;N;N;N;EL;;BL;Sloane;1985 10r-v;after 1690;Secretary, Books others, Finances,;;
Sloane, H.;Beverland, Hadriaan;nd;Latin;N;N;N;N;EL;;BL;Sloane;1985 18r-v;after 1690;Secretary, Books others, Finances,;;
Sloane, H.;Beverland, Hadriaan;nd;Latin;N;N;N;N;EL;Ealing;BL;Sloane ;1985 21r-22v;after 1690;Secretary, Books others, Finances,;;
Sloane, H.;Beverland, Hadriaan;nd;Latin;N;N;N;N;EL;;BL;Sloane ;1985 23r-24v with notes;after 1690;Secretary, Books others, Finances,;;
Sloane, H.;Beverland, Hadriaan;nd;Latin;N;N;N;N;EL;;BL;Sloane;1985 28r-v;after 1690;Secretary, Books others, Finances,;;
Sloane, H.;Beverland, Hadriaan;nd;Latin;N;N;N;N;EL;;BL;Sloane;1985 36r-37r;after 1690;Secretary, Books others, Finances,;;
Sloane, H.;Beverland, Hadriaan;nd;Latin;N;N;N;N;EL;;BL;Sloane ;1985 38r-39v;after 1690;Secretary, Books others, Finances,;;
Sloane, H.;Beverland, Hadriaan;nd;Latin;N;N;N;N;EL;;BL;Sloane;1985 50r-51v;after 1690;Secretary, Books others, Finances,;;
Sloane, H.;Beverland, Hadriaan;nd;Latin;N;N;N;N;EL;;BL;Sloane;1985 52r-v;after 1690;Secretary, Books others, Finances,;;
Sloane, H.;Beverland, Hadriaan;nd;Latin;N;N;N;N;EL;;BL;Sloane;1985 61r-v with notes Perin del Vago;after 1690;Secretary, Books others, Finances,;;
Sloane, H.;Beverland, Hadriaan;nd;Latin;N;N;N;N;EL;;BL;Sloane ;1985 90r-91v with notes on possessions;after 1690;Secretary, Books others, Finances,;;
Sloane, H.;Beverland, Hadriaan;nd;Latin;N;N;N;N;EL;;BL;Sloane;3395 10r-v;after 1690;Secretary, Books others, Finances,;;
Sloane, H.;Beverland, Hadriaan;nd;Latin;N;N;N;N;EL;;BL;Sloane;3395 11r-v with notes;after 1690;Secretary, Books others, Finances,;;
Sloane, H.;Beverland, Hadriaan;nd;French;N;N;N;N;EL;;BL;Sloane ;3395 3r;after 1690;Secretary, Books others, Finances,;;
Sloane, H.;Beverland, Hadriaan;nd;Latin;N;N;N;N;EL;;BL;Sloane;3395 7r-v;after 1690;Secretary, Books others, Finances,;;
Sloane, H.;Beverland, Hadriaan;nd;Latin;N;N;N;N;EL;;BL;Sloane ;3395 9r;after 1690;Secretary, Books others, Finances,;;
Sloane, H.;Beverland, Hadriaan;nd;Latin;N;N;N;N;EL;;BL;Sloane;3963 100r-v;after 1690;Secretary, Books others, Finances,;;
Sloane, H.;Beverland, Hadriaan;nd;Latin;N;N;N;N;EL;;BL;Sloane;3963 124r-v;after 1690;Secretary, Books others, Finances,;;
Sloane, H.;Beverland, Hadriaan;nd;French English;N;N;N;N;EL;;BL;Sloane;3963 36-37v could have different addressees;after 1690;Secretary, Books others, Finances,;;
Sloane, H.;Beverland, Hadriaan;nd;Latin;N;N;N;N;EL;;BL;Sloane ;3963 40r-v ;after 1690;Secretary, Books others, Finances,;;
Sloane, H.;Beverland, Hadriaan;nd;Latin;N;N;N;N;EL;;BL;Sloane;3963 41r-41v ;after 1690;Secretary, Books others, Finances,;;
Sloane, H.;Beverland, Hadriaan;nd;Latin;N;N;N;N;EL;;BL;Sloane ;3963 44r-v;after 1690;Secretary, Books others, Finances,;;
Sloane, H.;Beverland, Hadriaan;nd;Latin;N;N;N;N;EL;;BL;Sloane ;3963 45r-v;after 1690;Secretary, Books others, Finances,;;
Sloane, H.;Beverland, Hadriaan;nd;Latin;N;N;N;N;EL;;BL;Sloane ;3963 46r-v;after 1690;Secretary, Books others, Finances,;;
Sloane, H.;Beverland, Hadriaan;nd;Latin;N;N;N;N;EL;;BL;Sloane;3963 47r-v ;after 1690;Secretary, Books others, Finances,;;
Sloane, H.;Beverland, Hadriaan;nd;Latin;N;N;N;N;EL;;BL;Sloane ;3963 54r-55v;after 1690;Secretary, Books others, Finances,;;
Sloane, H.;Beverland, Hadriaan;nd;Latin;N;N;N;N;EL;;BL;Sloane ;3963 56r-v;after 1690;Secretary, Books others, Finances,;;
Sloane, H.;Beverland, Hadriaan;nd;Latin;N;N;N;N;EL;;BL;Sloane;3963 57r-v;after 1690;Secretary, Books others, Finances,;;
Sloane, H.;Beverland, Hadriaan;nd;Latin;N;N;N;N;EL;;BL;Sloane ;3963 58r-59v;after 1690;Secretary, Books others, Finances,;;
Sloane, H.;Beverland, Hadriaan;nd;Latin;N;N;N;N;EL;Ealing;BL;Sloane ;3963 60r-61v;after 1690;Secretary, Books others, Finances,;;
Sloane, H.;Beverland, Hadriaan;nd;Latin;N;N;N;N;EL;;BL;Sloane ;3963 62r-63v;after 1690;Secretary, Books others, Finances,;;
Sloane, H.;Beverland, Hadriaan;nd;Latin;N;N;N;N;EL;;BL;Sloane;3963 66r-v;after 1690;Secretary, Books others, Finances,;;
Sloane, H.;Beverland, Hadriaan;nd;Latin;N;N;N;N;EL;;BL;Sloane ;3963 67r-v;after 1690;Secretary, Books others, Finances,;;
Sloane, H.;Beverland, Hadriaan;nd;Latin;N;N;N;N;EL;;BL;Sloane ;3963 68r-69v with notes on catalogue;after 1690;Secretary, Books others, Finances,;;
Sloane, H.;Beverland, Hadriaan;nd;Latin;N;N;N;N;EL;;BL;Sloane ;3963 70r;after 1690;Secretary, Books others, Finances,;;
Sloane, H.;Beverland, Hadriaan;nd;Latin;N;N;N;N;EL;;BL;Sloane ;3963 71r-v;after 1690;Secretary, Books others, Finances,;;
Sloane, H.;Beverland, Hadriaan;nd;Latin;N;N;N;N;EL;Ealing?;BL;Sloane ;3963 73r-v;after 1690;Secretary, Books others, Finances,;;
Sloane, H.;Beverland, Hadriaan;nd;Latin;N;N;N;N;EL;;BL;Sloane;3963 88r-v notes on Perin de Vago;after 1690;Secretary, Books others, Finances,;;
Sloane, H.;Beverland, Hadriaan;nd;Latin;N;N;N;N;EL;;BL;Sloane;3963 91r;after 1690;Secretary, Books others, Finances,;;
Sloane, H.;Beverland, Hadriaan;nd;Latin;N;N;N;N;EL;;BL;Sloane;3963 92r-93v;after 1690;Secretary, Books others, Finances,;;
Sloane, H.;Beverland, Hadriaan;nd;Latin;N;N;N;N;EL;;BL;Sloane;3963 96r-97v;after 1690;Secretary, Books others, Finances,;;
Sloane, H.;Beverland, Hadriaan;nd;English;N;N;N;N;EL;;BL;Sloane;3963 98r-v, continues on 103r-104v;after 1690;Secretary, Books others, Finances,;;
Sloane, H.;Beverland, Hadriaan;17100000;Latin;N;Y;N;N;EL;;BL;Sloane;4042 folio 168r;On the back is a letter from Sloane to Beverland;Secretary, Books others, Finances,;;Sr. De Patribus Patratis nulli commisissem quam tibi…
Sloane, H.;Beverland, Hadriaan;nd;Latin;N;N;N;N;EL;;BL;Sloane;1985 14r-15v;after 1690;Secretary, Books others, Finances, Friends,;;
Sloane, H.;Beverland, Hadriaan;nd;Latin;N;N;N;N;EL;;BL;Sloane;1985 16r-17v;after 1690;Secretary, Books others, Finances, Friends,;;
Sloane, H.;Beverland, Hadriaan;nd;Latin;N;N;N;N;EL;;BL;Sloane;1985 54r-v;after 1690;Secretary, Books others, Finances, Friends,;;
Sloane, H.;Beverland, Hadriaan;nd;Latin ;N;N;N;N;EL;;BL;Sloane;3395 17r-v;after 1690;Secretary, Books others, Finances, Friends,;;
Sloane, H.;Beverland, Hadriaan;nd;Latin;N;N;N;N;EL;;BL;Sloane ;1985 105r-v;after 1690;Secretary, Books others, Finances, Humanism,;;
Sloane, H.;Beverland, Hadriaan;nd;Latin;N;N;N;N;EL;London;BL;Sloane ;1985 31r-34v;after 1690;Secretary, Books others, Finances, Humanism,;;
Sloane, H.;Beverland, Hadriaan;nd;Latin;N;N;N;N;EL;Ealing;BL;Sloane ;1985 40r-41v;after 1690;Secretary, Books others, Finances, Humanism,;;
Sloane, H.;Beverland, Hadriaan;nd;Latin;N;N;N;N;EL;;BL;Sloane;1985 43r-44v;after 1690;Secretary, Books others, Finances, Humanism,;;
Sloane, H.;Beverland, Hadriaan;nd;Latin;N;N;N;N;EL;;BL;Sloane ;1985 45r-46v with notes;after 1690;Secretary, Books others, Finances, Humanism,;;
Sloane, H.;Beverland, Hadriaan;nd;Latin;N;N;N;N;EL;;BL;Sloane;3963 111r-v;after 1690;Secretary, Books others, Finances, Humanism,;;
Sloane, H.;Beverland, Hadriaan;nd;Latin;N;N;N;N;EL;;BL;Sloane ;3963 72r-v;after 1690;Secretary, Books others, Finances, Images, ;;
Sloane, H.;Beverland, Hadriaan;nd;Latin;N;N;N;N;EL;;BL;Sloane;1985 29r-v;after 1690;Secretary, Books others, Finances, Paranoia,;;
Sloane, H.;Beverland, Hadriaan;nd;Latin;N;N;N;N;EL;Ealing;BL;Sloane ;3963 42r-43v with notes on manuscripts/books;after 1690;Secretary, Books others, Finances, Scholarship,;;
Sloane, H.;Beverland, Hadriaan;nd;Latin;N;N;N;N;EL;;BL;Sloane ;3963 48r-v;after 1690;Secretary, Books others, Finances, Scholarship,;;
Sloane, H.;Beverland, Hadriaan;nd;Latin;N;N;N;N;EL;;BL;Sloane ;3963 53r-v;after 1690;Secretary, Books others, Finances, Scholarship,;;
Sloane, H.;Beverland, Hadriaan;nd;Latin;N;N;N;N;EL;;BL;Sloane ;3963 64r-65v;after 1690;Secretary, Books others, Finances, Scholarship,;;
Sloane, H.;Beverland, Hadriaan;nd;Latin;N;N;N;N;EL;;BL;Sloane ;3963 79r-v ;after 1690;Secretary, Books others, Friends,;;
Sloane, H.;Beverland, Hadriaan;nd;Latin;N;N;N;N;EL;;BL;Sloane;3963 81r-v;after 1690;Secretary, Books others, Friends,;;
Sloane, H.;Beverland, Hadriaan;nd;Latin;N;N;N;N;EL;;BL;Sloane;3963 86r-87v;after 1690;Secretary, Books others, Friends,;;
Sloane, H.;Beverland, Hadriaan;nd;Latin;N;N;N;N;EL;;BL;Sloane ;1985 19r-20v;after 1690;Secretary, Books others, Humanism,;;
Sloane, H.;Beverland, Hadriaan;nd;Latin;N;N;N;N;EL;;BL;Sloane ;1985 30r-v;after 1690;Secretary, Books others, Humanism,;;
Sloane, H.;Beverland, Hadriaan;nd;Latin;N;N;N;N;EL;;BL;Sloane;3395 5v;after 1690;Secretary, Books others, Humanism,;;
Sloane, H.;Beverland, Hadriaan;nd;Latin;N;N;N;N;EL;;BL;Sloane;3963 113r;after 1690;Secretary, Books others, Images, Finances,;;
Sloane, H.;Beverland, Hadriaan;nd;Latin;N;N;N;N;EL;;BL;Sloane;3963 112r-v;after 1690;Secretary, Books others, Images, Finances, Humanism,;;
Sloane, H.;Beverland, Hadriaan;nd;Latin;N;N;N;N;EL;;BL;Sloane ;1985 55r-v with notes;after 1690;Secretary, Books others, Paranoia, Finances,;;
Sloane, H.;Beverland, Hadriaan;nd;Latin;N;N;N;N;EL;;BL;Sloane ;3395 1r-v;after 1690;Secretary, Books others, Personal,;;
Sloane, H.;Beverland, Hadriaan;nd;Latin;N;N;N;N;EL;;BL;Sloane ;3395 6r-v;after 1690;Secretary, Books others, Personal,;;
Sloane, H.;Beverland, Hadriaan;nd;Latin;N;N;N;N;EL;;BL;Sloane;1985 11r-12v;after 1690;Secretary, Books others, Scholarship,;;
Sloane, H.;Beverland, Hadriaan;nd;Latin;N;N;N;N;EL;;BL;Sloane ;1985 84r-v with notes Perin del Vago;after 1690;Secretary, Books others, Scholarship,;;
Sloane, H.;Beverland, Hadriaan;nd;Latin;N;N;N;N;EL;;BL;Sloane;3395 4v;after 1690;Secretary, Books others, Scholarship,;;
Sloane, H.;Beverland, Hadriaan;nd;Latin;N;N;N;N;EL;;BL;Sloane;3963 109r-v;after 1690;Secretary, Books others, Scholarship,;;
Sloane, H.;Beverland, Hadriaan;17010911;Latin English;N;N;N;N;EL;;BL;Sloane;3963 117r-v;after 1690;Secretary, Books others, Scholarship,;;
Sloane, H.;Beverland, Hadriaan;nd;Latin;N;N;N;N;EL;;BL;Sloane;3963 51r-52v;after 1690;Secretary, Books others, Scholarship,;;
Sloane, H.;Beverland, Hadriaan;17021114;Latin;N;N;N;N;EL;;BL;Sloane;3963 83r-84v;after 1690;Secretary, Books others, Scholarship,;;
Sloane, H.;Beverland, Hadriaan;nd;Latin;N;N;N;N;EL;;BL;Sloane;3963 89r-v;after 1690;Secretary, Books others, Scholarship,;;
Sloane, H.;Beverland, Hadriaan;nd;Latin;N;N;N;N;EL;;BL;Sloane;3963 90r-v;after 1690;Secretary, Books others, Scholarship,;;
Sloane, H.;Beverland, Hadriaan;nd;Latin;N;N;N;N;EL;;BL;Sloane ;1985 109r-v;after 1690;Secretary, Books others, Scholarship, Humanism,;;
Sloane, H.;Beverland, Hadriaan;nd;Latin English;N;N;N;N;EL;;BL;Sloane;3963 101r-v;after 1690;Secretary, Finances,;;
Sloane, H.;Beverland, Hadriaan;nd;Latin;N;N;N;N;EL;;BL;Sloane;3963 108r-v;after 1690;Secretary, Finances,;;
Smith, Thomas;Beverland, Hadriaan;nd;Latin;N;Y;N;N;EL;;BOD;Other;MS Smith 46, folio 175-6;After 1679, as he is in England,;Books others, England, Scholarship, Images,;Gronovius, Hudson, Selden, Bradford, Mill, Alderich;Gronovius iterum Hudsons Scylacem rasit dicit…
Smith, Thomas;Beverland, Hadriaan;nd;Latin;N;Y;N;N;EL;;BOD;Other;MS Smith 46, folio 179-82;Letter and small separate note;Books others, Humanism, Scholarship,;Gronovius, Hemsterhuis, Malliere;Gronovius vos provocat at revelandum nomen…
Smith, Thomas;Beverland, Hadriaan;17080317;Latin;N;Y;N;N;EL;;BOD;Other;MS Smith 46, folio 177-8;;England, Paranoia, Theology, ;Pastor Lam, Bull, Tempest, Dodwell, ;Miror inter Britannos tot esse versatiles qui rumoribus…
Smith, Thomas;Beverland, Hadriaan;16900000;Latin;N;Y;N;N;EL;;BOD;Other;MS Smith 46, folio 183;Around the time of the sale of Vossius library 1690-93, More small note than real letter;Scholarship, Books others,;Vossius;Lugdino Batavae Curatores a te desiderant…
Spanheimius, Fredericus;Beverland, Hadriaan;16930213;Latin;N;Y;Y;N;EL;;KB & BOD;EF;Epistolae Familiares 27;XII, Smet 10, around this date;Banishment, Humanism, Criticism, Books own, Books others, Finances,;Basilius Fabrus Soranus;Satis superque me benignitas tua exhitaravit, quod me meis…
Thomas, Godfried;Beverland, Hadriaan;16851005;Latin;N;Y;N;N;EL;Richmond;UL;ET;Epistolae Tullianae 42;in SM;DPV, Friends, Criticism, Theology, Scholarship, Books own, Books others,,;Goyer Menninck Almeloveen Graevius Gronovius Pignorius Osius Bonifacius Vossius Colomies;Solemniter te, venerabilis Archipraesul, gratias…
Uchtman, Alard;Beverland, Hadriaan;16791210;Latin;N;Y;N;N;DR;;UL;ET;Epistolae Tullianae 34;in SM, between 10-12-79 and 12-01-80;Friends, Criticism, Banishment, Libertine,;;Scio quantopere bonis fareas. Gratias pro consullatione…
unknown;Beverland, Hadriaan;nd;Latin;N;Y;N;N;EL;;BOD;Sloane;8D 284 (5) Linc;1702 or later;Secretary, Books others, Finances, Personal,;;Frater tuus nocut calumniatores meae…
unknown;Beverland, Hadriaan;nd;Latin;N;Y;N;N;EL;;BL;Other;BL Add ms 4277 folio 22r-23v;Consist mostly of list of works of Beverland;Books own,;;De Peccato Originali Dissertatio…
Voet, Johannes;Beverland, Hadriaan;16830000;Latin;N;Y;N;N;EL;;UL;ET;Epistolae Tullianae 41;in SM;Criticism, Theology, England,  Scholarship,;Uchtmann Voetius Roscius Gallus Lipsius;Summas gratias ago, quod calumnias quibus absentem…
Vossius, Gerardus;Beverland, Hadriaan;16890211;Latin;N;Y;Y;N;EL;London;KB & BOD;EF;Epistolae Familiares 19;XII, Smet 06;Friends, Books others, ;Van Citters Colomesius Scott Vossius Aafke Vossius;Iam dudum ultimis tuis aliquid reposuissem, nisi patrui… 
Vossius, Isaac;Beverland, Hadriaan;16841000;Latin;N;Y;Y;N;EL;;KB & BOD;EF;Epistolae Familiares 23;XII, Smet 03, contains also 2nd letter?, see notes;Banishment, Criticism, Humanism, Books others, Scholarship, Bible, Friends,;Grotius Salmasius Richmond Catullus Celsus Charles II Dionysius Exiguus;Permitte, vir incomparabilis, ut collatorum in me…
Vossius, Isaac;Beverland, Hadriaan;16791100;Latin;Y;Y;Y;N;DR;Leiden;UL;ET;Epistolae Tullianae 27;in SM & Meijer, or december 1679;Banishment, Criticism, Theology, Friends, ;Petronius ;Non eram nescius incomparabilis Vossi, fore ut hic…
Vossius, Isaac;Beverland, Hadriaan;16831112;Dutch;NA;Y;N;N;EL;;UVA;EV;Letters and notes to Vossius 10b;;Books other, Humanism, Secretary, Finances,;Aaf Vossius Graevius Varro Lucretius Scott;Vermits ick alle daeg U Edele of desselfs Nicht alhier tegemoet sie…
Vossius, Isaac;Beverland, Hadriaan;16831207;Dutch;NA;Y;N;N;EL;London;UVA;EV;Letters and notes to Vossius 10c;;Books others, Secretary, Scholarship, Humanism,;Gaasbeeck Willemsen Berkel Riches Tryfele Tresor Schell Graevius;Soo haest ick den brief van Gaesbeeck las ginch aestonte naer mijn Coopman...
Vossius, Isaac;Beverland, Hadriaan;16900000;Dutch;NA;Y;N;N;EL;;UVA;EV;Letters and notes to Vossius 10l;3 januari, before 1690;Books others, Secretary, Scholarship, Humanism, Finances,;Simon;Ick heb U Edele voorleden maandagh ten bueren toegesonden…
Vossius, Isaac;Beverland, Hadriaan;16790000;Latin;N;Y;Y;N;DR;;UL;ET;Epistolae Tullianae 08;in SM;Books others,, DPO, DPV, Scholarship, England,;Colomesius Graevius Grotius Salmasius Tollius;Ab eo momento, vir politissime, quo tuum de Rythmis pervolui... 
Vossius, Isaac;Beverland, Hadriaan;16791100;Latin;Y;Y;Y;N;DR;Leiden;UL;ET;Epistolae Tullianae 29;in SM & Meijer, or december 1679;Friends, Criticism, Banishment, ;Gomme Prince Rupert;Vix dixerim quanto mihi fuerit gaudio quod ex…
Vossius, Isaac;Beverland, Hadriaan;16900000;Dutch;NA;Y;N;N;EL;;UVA;EV;Letters and notes to Vossius 10p;before 1690;Friends, Secretary, Personal, Books others,;Westeijn Goyer Mad. Beverweert Drelincourt Mazarin Bischop van Oxford Scott Vaughan;Alhoewel dat ick ordinaris mij seer verblijde wanneer ick een letter van U edelen hant…
Vossius, Isaac;Beverland, Hadriaan;16830106;Dutch;NA;Y;N;N;EL;Windsor;UVA;EV;Letters and notes to Vossius 10a;;Humanism, Secretary, Books others, Personal,;Westeijn Catullus Heus Aaf Vossius Berk;Ick ontfang dees daegs een brieg van Weststeijn dewelcke mij schreef…
Vossius, Isaac;Beverland, Hadriaan;16900000;Dutch;NA;Y;N;N;EL;;UVA;EV;Letters and notes to Vossius 10o;before 1690, 'saturdagh';Secretary, Books others, Finances,;Millington Tacitus Bernard Scott ;Sende U Edele alhier de note van 't geen gekocht is op U edele commande…
Vossius, Isaac;Beverland, Hadriaan;16900000;Dutch;NA;Y;N;N;EL;;UVA;EV;Letters and notes to Vossius 10t;before 1690, more notes on books than letter;Secretary, Books others, Finances,;see letter for authors of books;Braun Theatr. Urbium 3 vol. …
Vossius, Isaac;Beverland, Hadriaan;16900000;Dutch;NA;Y;N;N;EL; ;UVA;EV;Letters and notes to Vossius 10u;before 1690, more notes on books than letter;Secretary, Books others, Finances,;see letter for authors of books;Agricola cost mij 5 st. …
Vossius, Isaac;Beverland, Hadriaan;16840119;Dutch;NA;Y;N;N;EL;London;UVA;EV;Letters and notes to Vossius 10d;includes letter from Colomies on the back (to Vossius or Beverland);Secretary, Books others, Finances, ;Colomies Scaliger Bernard Scherburn De Beaufourt ;Ick was bij Mr. Colomies, die mij seijde dat den Artsbischop wel respect voor U Edelen heeft... 
Vossius, Isaac;Beverland, Hadriaan;16890104;Dutch;NA;Y;N;N;EL;;UVA;EV;Letters and notes to Vossius 10h;;Secretary, Books others, Finances, ;Scott Scherburn Sharborrou Walford Simon ;Naar wenSin,ge van all prospertelijk in dit nieuw jaar soo maack ick…
Vossius, Isaac;Beverland, Hadriaan;16900000;Dutch;NA;Y;N;N;EL;London ;UVA;EV;Letters and notes to Vossius 10m;22 oktober, before 1690;Secretary, Books others, Finances, ;Scherborrou Wetzel Littelberry Mill;Ick heb door Sir Charles Scherborron en Wetzel U Edele goede dispositie... 
Vossius, Isaac;Beverland, Hadriaan;16900000;Dutch;NA;Y;N;N;EL; ;UVA;EV;Letters and notes to Vossius 10r;before 1690;Secretary, Books others, Finances, ;Beaulieu Smit Blauw Cijters Mazarin;Sende U Edele alhier de boecken, mitsgaders de prijs van de resterende boecken…
Vossius, Isaac;Beverland, Hadriaan;16840600;Dutch;NA;Y;N;N;EL;London;UVA;EV;Letters and notes to Vossius 10e;;Secretary, Books others, Finances, England,;Littelberry Scherburn Burnet Goyer Catullus Van de Wateren Colomies Wyers ;Ick sende U Edele alhier de twee eerste bladeren ten eerste sulje vinden…
Vossius, Isaac;Beverland, Hadriaan;16900000;Dutch;NA;Y;N;N;EL;;UVA;EV;Letters and notes to Vossius 10k;before 1690;Secretary, Books others, Finances, Images, ;Goeree Transor Catullus Munnikhuijsen Van Beuningen Mellan Edeling Charleton ;Sende U Edele alhier 2 boecken van Goeree, die met ongenackelijck…
Vossius, Isaac;Beverland, Hadriaan;16900000;Dutch;NA;Y;N;N;EL; ;UVA;EV;Letters and notes to Vossius 10s;before 1690;Secretary, Books others, Finances, Scholarship,;Frits Gronovius Colomies Goyer ;Heb ontfangen de 6 p door Frits iter 4 per Antrobus... 
Vossius, Isaac;Beverland, Hadriaan;16850319;Dutch;NA;Y;N;N;EL;London;UVA;EV;Letters and notes to Vossius 10f;;Secretary, Books others, Scholarship,;Simoni Tacitus Henning Thevenot Le Moyne De Jongelinck;Ick verstae uijt Hollantdat aldaer twee boecken met den naem van R. Simonis….
Vossius, Isaac;Beverland, Hadriaan;16900000;Dutch;NA;Y;N;N;EL;;UVA;EV;Letters and notes to Vossius 10i;before 1690;Secretary, Finances, Books others,;Beaulieu Pluncket ;Heb van U Edele Nichte ontfangen de somme van 19 p 10 st. voor het sylver…
Vossius, Isaac;Beverland, Hadriaan;16900000;Dutch;NA;Y;N;N;EL;;UVA;EV;Letters and notes to Vossius 10n;before 1690;Secretary, Humanism, Books others,;Graevius Goyer ;D'heeren Graevius en de Goyer hebben het Etymol. Moy. MSS…
Vossius, Isaac;Beverland, Hadriaan;16900000;Dutch;NA;Y;N;N;EL;;UVA;EV;Letters and notes to Vossius 10q;before 1690;Secretary, Humanism, Books others, Images,;Van Beuningen Moorlant;Het was mij van herten leet dat ick last het geluck van U Edele persoon niet heb aangetroffen…
Vossius, Isaac;Beverland, Hadriaan;16900000;Dutch;NA;Y;N;N;EL;;UVA;EV;Letters and notes to Vossius 10j;before 1690;Secretary, Images, Books others, Finances,;Houwert Lauderdalle Littelberry;Ick ben geinformeert dat boven op Exeterchanje in de Strant…
Vossius, Isaac;Beverland, Hadriaan;16850404;Latin;;N;N;N;EL;;UVA;EV;Letters and notes to Vossius 10g;;Secretary, Scholarship, Humanism, Books others, Finances,;Simoni Simonville Moyne Bodin Ausonius Morini Wittius Cicero Thomasius Spanheim Drijvenvoorde Voorschoten Dijckvelt Graevius Hody Henning Scott Schell ;Legi quoque R. Simonii maledicentissimam triplicatonem vix... 
Vossius, Isaac;Beverland, Hadriaan;16870905;Latin;N;Y;N;N;Richmond;UL;ZZU 759 C 83 Buning;Other;written in book by Vossius;;Friends, Books others, Books own, Humanism, Scholarship;Nictant ad tua oracula adversarii numen…;
Vossius, Isaac;Beverland, Hadriaan;16840105;Latin;N;Y;N;N;Richmond;UL;ZZU 759 C 83 Buning;Other;written in book by Vossius, not sure about the month;;Friends, Books others, Books own, Humanism, Scholarship;Etiamsi praeclaras animi tui dotes…;
